<?xml version="1.0" encoding="UTF-8"?>
<metadata xml:lang="es"><Esri><CreaDate>20170905</CreaDate><CreaTime>20290200</CreaTime><ArcGISFormat>1.0</ArcGISFormat><SyncOnce>TRUE</SyncOnce><DataProperties><itemProps><itemLocation><linkage Sync="TRUE">file://\\LAPTOP-NRVNSS6Q\C$\Users\dell\Desktop\Nueva carpeta (2)\limite awa sectorizado</linkage><protocol Sync="TRUE">Local Area Network</protocol></itemLocation></itemProps><copyHistory><copy source="C:\Información 150 000\Taller 2\SIG AWA\BASE\limite interno FCAE\limite awa sectorizado" dest="\\LAPTOP-NRVNSS6Q\C$\Users\dell\Desktop\Nueva carpeta (2)\limite awa sectorizado" date="20170905" time="20290200"></copy></copyHistory></DataProperties></Esri></metadata>
